conv_id,msg_idx,latency_ms
conv_01,0,0.602584
conv_01,1,0.081958
conv_01,2,0.029000
conv_01,3,0.056291
conv_01,4,0.012625
conv_01,5,0.009291
conv_01,6,0.038500
conv_01,7,0.009541
conv_01,8,0.022958
conv_01,9,0.038583
conv_01,10,0.027667
conv_01,11,0.025792
conv_01,12,0.022125
conv_01,13,0.037166
conv_01,14,0.056667
conv_01,15,0.042083
conv_01,16,0.063166
conv_01,17,0.048917
conv_01,18,0.064209
conv_01,19,0.070500
conv_01,20,0.125375
conv_01,21,0.028625
conv_01,22,0.034333
conv_01,23,0.031917
conv_01,24,0.528709
conv_01,25,0.039917
conv_01,26,0.192958
conv_01,27,0.160583
conv_01,28,0.192875
conv_01,29,0.106041
conv_01,30,0.245791
conv_01,31,0.321333
conv_01,32,0.537792
conv_01,33,0.130083
conv_01,34,0.147166
conv_01,35,0.322792
conv_01,36,0.703541
conv_01,37,0.608292
conv_01,38,0.667042
conv_01,39,0.595125
conv_01,40,0.688375
conv_01,41,0.596125
conv_01,42,0.111667
conv_01,43,0.256916
conv_01,44,0.101833
conv_01,45,0.123125
conv_01,46,0.103208
conv_01,47,0.114750
conv_01,48,0.083000
conv_01,49,0.186375
conv_01,50,0.108417
conv_01,51,0.118375
conv_01,52,0.125875
conv_01,53,0.122000
conv_01,54,0.122500
conv_01,55,0.133250
conv_01,56,0.202083
conv_01,57,0.135750
conv_01,58,0.104833
conv_01,59,0.126709
conv_01,60,0.109542
conv_01,61,0.112459
conv_01,62,0.104000
conv_01,63,0.127917
conv_01,64,0.215625
conv_01,65,0.126250
conv_01,66,0.134333
conv_01,67,0.120125
conv_01,68,0.144375
conv_01,69,0.133292
conv_01,70,0.113333
conv_01,71,0.194792
conv_01,72,0.153292
conv_01,73,0.125625
conv_01,74,0.161833
conv_01,75,0.176042
conv_01,76,0.133792
conv_01,77,0.288833
conv_01,78,0.158792
conv_01,79,0.156833
conv_01,80,0.139917
conv_01,81,0.130625
conv_01,82,0.168083
conv_01,83,0.223750
conv_01,84,0.168167
conv_01,85,0.170250
conv_01,86,0.179375
conv_01,87,0.196375
conv_01,88,0.329458
conv_01,89,0.166250
conv_01,90,0.194375
conv_01,91,0.144375
conv_01,92,0.154917
conv_01,93,0.155667
conv_01,94,0.169125
conv_01,95,0.168334
conv_01,96,0.151166
conv_01,97,0.161959
conv_01,98,0.176208
conv_01,99,0.172125
conv_01,100,0.300334
conv_01,101,0.188541
conv_01,102,0.158459
conv_01,103,0.155833
conv_01,104,0.159042
conv_01,105,0.183500
conv_01,106,0.176958
conv_01,107,0.217500
conv_01,108,0.212709
conv_01,109,0.193750
conv_01,110,0.224750
conv_01,111,0.329584
conv_01,112,0.200417
conv_01,113,0.172792
conv_01,114,0.201666
conv_01,115,0.203042
conv_01,116,0.194209
conv_01,117,0.170250
conv_01,118,0.174459
conv_01,119,0.189458
conv_02,0,0.095459
conv_02,1,0.047667
conv_02,2,0.038000
conv_02,3,0.035708
conv_02,4,0.938291
conv_02,5,0.053208
conv_02,6,0.008209
conv_02,7,0.019208
conv_02,8,0.049458
conv_02,9,0.032792
conv_02,10,0.032250
conv_02,11,0.020000
conv_02,12,0.025416
conv_02,13,0.004833
conv_02,14,0.049125
conv_02,15,0.048041
conv_02,16,0.053125
conv_02,17,0.034750
conv_02,18,0.047458
conv_02,19,0.035083
conv_02,20,0.040042
conv_02,21,0.022583
conv_02,22,0.011708
conv_02,23,0.023208
conv_02,24,0.028916
conv_02,25,0.048417
conv_02,26,0.060000
conv_02,27,0.068000
conv_02,28,0.035125
conv_02,29,0.381625
conv_02,30,0.071000
conv_02,31,0.063875
conv_02,32,0.049875
conv_02,33,0.052167
conv_02,34,0.060500
conv_02,35,0.078125
conv_02,36,0.152750
conv_02,37,0.196042
conv_02,38,0.164333
conv_02,39,0.331084
conv_02,40,0.149250
conv_02,41,0.210333
conv_02,42,0.175209
conv_02,43,0.145250
conv_02,44,0.163250
conv_02,45,0.188208
conv_02,46,0.331125
conv_02,47,0.189458
conv_02,48,0.191708
conv_02,49,0.198542
conv_02,50,0.203000
conv_02,51,0.204250
conv_02,52,0.208708
conv_02,53,0.218958
conv_02,54,0.379833
conv_02,55,0.207583
conv_02,56,0.215167
conv_02,57,0.216708
conv_02,58,0.183917
conv_02,59,0.226166
conv_02,60,0.199834
conv_02,61,0.333666
conv_02,62,0.220459
conv_02,63,0.230166
conv_02,64,0.230292
conv_02,65,0.268375
conv_02,66,0.210000
conv_02,67,0.200667
conv_02,68,0.202750
conv_02,69,0.178542
conv_02,70,0.286042
conv_02,71,0.198166
conv_02,72,0.205042
conv_02,73,0.203000
conv_02,74,0.200125
conv_02,75,0.214334
conv_02,76,0.181041
conv_02,77,0.208459
conv_02,78,0.209834
conv_02,79,0.334333
conv_02,80,0.213291
conv_02,81,0.217625
conv_02,82,0.206791
conv_02,83,0.215292
conv_02,84,0.209917
conv_02,85,0.194041
conv_02,86,0.212875
conv_02,87,0.230541
conv_02,88,0.304000
conv_02,89,0.209916
conv_02,90,0.203833
conv_02,91,0.205625
conv_02,92,0.224917
conv_02,93,0.230583
conv_02,94,0.192958
conv_02,95,0.207958
conv_02,96,0.196541
conv_02,97,0.347250
conv_02,98,0.261417
conv_02,99,0.229500
conv_02,100,0.224375
conv_02,101,0.221083
conv_02,102,0.198417
conv_02,103,0.240584
conv_02,104,0.235750
conv_02,105,0.358000
conv_02,106,0.225250
conv_02,107,0.242917
conv_02,108,0.214708
conv_02,109,0.216083
conv_02,110,0.218292
conv_02,111,0.215416
conv_02,112,0.240708
conv_02,113,0.484625
conv_02,114,0.218000
conv_02,115,0.215667
conv_02,116,0.228458
conv_02,117,0.219583
conv_02,118,0.223291
conv_02,119,0.223708
conv_03,0,0.070333
conv_03,1,0.053125
conv_03,2,0.036500
conv_03,3,0.038958
conv_03,4,0.040500
conv_03,5,0.041083
conv_03,6,0.042583
conv_03,7,0.051083
conv_03,8,0.037708
conv_03,9,0.019500
conv_03,10,0.040709
conv_03,11,0.037958
conv_03,12,0.035875
conv_03,13,0.025125
conv_03,14,0.038208
conv_03,15,0.036667
conv_03,16,0.039959
conv_03,17,0.014958
conv_03,18,0.040250
conv_03,19,0.014625
conv_03,20,0.057083
conv_03,21,0.037750
conv_03,22,0.037333
conv_03,23,0.041084
conv_03,24,0.023250
conv_03,25,0.440000
conv_03,26,0.060541
conv_03,27,0.056625
conv_03,28,0.048959
conv_03,29,0.048500
conv_03,30,0.059083
conv_03,31,0.064792
conv_03,32,0.070250
conv_03,33,0.055250
conv_03,34,0.085000
conv_03,35,0.069875
conv_03,36,0.481667
conv_03,37,0.206000
conv_03,38,0.218625
conv_03,39,0.165292
conv_03,40,0.228791
conv_03,41,0.411334
conv_03,42,0.186417
conv_03,43,0.157125
conv_03,44,0.185958
conv_03,45,0.269541
conv_03,46,0.199000
conv_03,47,0.173833
conv_03,48,0.170166
conv_03,49,0.186375
conv_03,50,0.270416
conv_03,51,0.157834
conv_03,52,0.171875
conv_03,53,0.176292
conv_03,54,0.205166
conv_03,55,0.212375
conv_03,56,0.324542
conv_03,57,0.208375
conv_03,58,0.230500
conv_03,59,0.235291
conv_03,60,0.317291
conv_03,61,0.214291
conv_03,62,0.239042
conv_03,63,0.230583
conv_03,64,0.285250
conv_03,65,0.231208
conv_03,66,0.412042
conv_03,67,0.232625
conv_03,68,0.225792
conv_03,69,0.200083
conv_03,70,0.215042
conv_03,71,0.217542
conv_03,72,0.356125
conv_03,73,0.230542
conv_03,74,0.236416
conv_03,75,0.216500
conv_03,76,0.225542
conv_03,77,0.312083
conv_03,78,0.234000
conv_03,79,0.238667
conv_03,80,0.242791
conv_03,81,0.241083
conv_03,82,0.249916
conv_03,83,0.318125
conv_03,84,0.230416
conv_03,85,0.251292
conv_03,86,0.243792
conv_03,87,0.252375
conv_03,88,0.355708
conv_03,89,0.253250
conv_03,90,0.234167
conv_03,91,0.254250
conv_03,92,0.254375
conv_03,93,0.251459
conv_03,94,0.334209
conv_03,95,0.250583
conv_03,96,0.257042
conv_03,97,0.261500
conv_03,98,0.254834
conv_03,99,0.229125
conv_03,100,0.320084
conv_03,101,0.213125
conv_03,102,0.230250
conv_03,103,0.238459
conv_03,104,0.241250
conv_03,105,0.239708
conv_03,106,0.352791
conv_03,107,0.233042
conv_03,108,0.253042
conv_03,109,0.249125
conv_03,110,0.250458
conv_03,111,0.256750
conv_03,112,0.430709
conv_03,113,0.257125
conv_03,114,0.253209
conv_03,115,0.258291
conv_03,116,0.254875
conv_03,117,0.269833
conv_03,118,0.269375
conv_03,119,0.262208
conv_04,0,0.062875
conv_04,1,0.014667
conv_04,2,0.021375
conv_04,3,0.008417
conv_04,4,0.038209
conv_04,5,0.037208
conv_04,6,0.012041
conv_04,7,0.034542
conv_04,8,0.021041
conv_04,9,0.039417
conv_04,10,0.027417
conv_04,11,0.006958
conv_04,12,0.013875
conv_04,13,0.409541
conv_04,14,0.042333
conv_04,15,0.033542
conv_04,16,0.028750
conv_04,17,0.028708
conv_04,18,0.015667
conv_04,19,0.037542
conv_04,20,0.038334
conv_04,21,0.033833
conv_04,22,0.036666
conv_04,23,0.037375
conv_04,24,0.054291
conv_04,25,0.033959
conv_04,26,0.046833
conv_04,27,0.047917
conv_04,28,0.041791
conv_04,29,0.056458
conv_04,30,0.051667
conv_04,31,0.051750
conv_04,32,0.049709
conv_04,33,0.256708
conv_04,34,0.068000
conv_04,35,0.067875
conv_04,36,0.133000
conv_04,37,0.120667
conv_04,38,0.116334
conv_04,39,0.129792
conv_04,40,0.116125
conv_04,41,0.257833
conv_04,42,0.114708
conv_04,43,0.135125
conv_04,44,0.124791
conv_04,45,0.156000
conv_04,46,0.148084
conv_04,47,0.139875
conv_04,48,0.255000
conv_04,49,0.151333
conv_04,50,0.130583
conv_04,51,0.134625
conv_04,52,0.141375
conv_04,53,0.157750
conv_04,54,0.157750
conv_04,55,0.310791
conv_04,56,0.192792
conv_04,57,0.173542
conv_04,58,0.163083
conv_04,59,0.180250
conv_04,60,0.133500
conv_04,61,0.160875
conv_04,62,0.167542
conv_04,63,0.275083
conv_04,64,0.164417
conv_04,65,0.149291
conv_04,66,0.181250
conv_04,67,0.172708
conv_04,68,0.146959
conv_04,69,0.182500
conv_04,70,0.161250
conv_04,71,0.280584
conv_04,72,0.189541
conv_04,73,0.184333
conv_04,74,0.193667
conv_04,75,0.194959
conv_04,76,0.175709
conv_04,77,0.198417
conv_04,78,0.291083
conv_04,79,0.205708
conv_04,80,0.212333
conv_04,81,0.218250
conv_04,82,0.202500
conv_04,83,0.203292
conv_04,84,0.213416
conv_04,85,0.299000
conv_04,86,0.221958
conv_04,87,0.216959
conv_04,88,0.219167
conv_04,89,0.196583
conv_04,90,0.191542
conv_04,91,0.193583
conv_04,92,0.282167
conv_04,93,0.211875
conv_04,94,0.185708
conv_04,95,0.204292
conv_04,96,0.202625
conv_04,97,0.205791
conv_04,98,0.209500
conv_04,99,0.281708
conv_04,100,0.207541
conv_04,101,0.244500
conv_04,102,0.267500
conv_04,103,0.232250
conv_04,104,0.233584
conv_04,105,0.352583
conv_04,106,0.245291
conv_04,107,0.230167
conv_04,108,0.232250
conv_04,109,0.227208
conv_04,110,0.229625
conv_04,111,0.222125
conv_04,112,0.243209
conv_04,113,0.221625
conv_04,114,0.227334
conv_04,115,0.237791
conv_04,116,0.251042
conv_04,117,0.251750
conv_04,118,0.329167
conv_04,119,0.249291
conv_05,0,0.047375
conv_05,1,0.023834
conv_05,2,0.007584
conv_05,3,0.014292
conv_05,4,0.023500
conv_05,5,0.025875
conv_05,6,0.027000
conv_05,7,0.010916
conv_05,8,0.030583
conv_05,9,0.029792
conv_05,10,0.011875
conv_05,11,0.004042
conv_05,12,0.017875
conv_05,13,0.011209
conv_05,14,0.030542
conv_05,15,0.017791
conv_05,16,0.017791
conv_05,17,0.029625
conv_05,18,0.028250
conv_05,19,0.015709
conv_05,20,0.019667
conv_05,21,0.014542
conv_05,22,0.006083
conv_05,23,0.026708
conv_05,24,0.026417
conv_05,25,0.018875
conv_05,26,0.032667
conv_05,27,0.026166
conv_05,28,0.302917
conv_05,29,0.040583
conv_05,30,0.037458
conv_05,31,0.040375
conv_05,32,0.046917
conv_05,33,0.038083
conv_05,34,0.046541
conv_05,35,0.046792
conv_05,36,0.095959
conv_05,37,0.081667
conv_05,38,0.322334
conv_05,39,0.121542
conv_05,40,0.120958
conv_05,41,0.110292
conv_05,42,0.099875
conv_05,43,0.113292
conv_05,44,0.118125
conv_05,45,0.224542
conv_05,46,0.101875
conv_05,47,0.097417
conv_05,48,0.113791
conv_05,49,0.118708
conv_05,50,0.098584
conv_05,51,0.104666
conv_05,52,0.123750
conv_05,53,0.098708
conv_05,54,0.215250
conv_05,55,0.111833
conv_05,56,0.133250
conv_05,57,0.141750
conv_05,58,0.140625
conv_05,59,0.140458
conv_05,60,0.138125
conv_05,61,0.237125
conv_05,62,0.170500
conv_05,63,0.138792
conv_05,64,0.151000
conv_05,65,0.136000
conv_05,66,0.151625
conv_05,67,0.164000
conv_05,68,0.257875
conv_05,69,0.167333
conv_05,70,0.161333
conv_05,71,0.177916
conv_05,72,0.158667
conv_05,73,0.146750
conv_05,74,0.330000
conv_05,75,0.161792
conv_05,76,0.177250
conv_05,77,0.174792
conv_05,78,0.169625
conv_05,79,0.162333
conv_05,80,0.286708
conv_05,81,0.161958
conv_05,82,0.173375
conv_05,83,0.155417
conv_05,84,0.162208
conv_05,85,0.174875
conv_05,86,0.163292
conv_05,87,0.269541
conv_05,88,0.187541
conv_05,89,0.168750
conv_05,90,0.168667
conv_05,91,0.172375
conv_05,92,0.172375
conv_05,93,0.173625
conv_05,94,0.246000
conv_05,95,0.166000
conv_05,96,0.164125
conv_05,97,0.183708
conv_05,98,0.171167
conv_05,99,0.163250
conv_05,100,0.170791
conv_05,101,0.182875
conv_05,102,0.260500
conv_05,103,0.180084
conv_05,104,0.173417
conv_05,105,0.171125
conv_05,106,0.190791
conv_05,107,0.184917
conv_05,108,0.195958
conv_05,109,0.264084
conv_05,110,0.215500
conv_05,111,0.209833
conv_05,112,0.199333
conv_05,113,0.210417
conv_05,114,0.193542
conv_05,115,0.209041
conv_05,116,0.282084
conv_05,117,0.222917
conv_05,118,0.215375
conv_05,119,0.244666
conv_06,0,0.060292
conv_06,1,0.014334
conv_06,2,0.010500
conv_06,3,0.009000
conv_06,4,0.014875
conv_06,5,0.012458
conv_06,6,0.017375
conv_06,7,0.017250
conv_06,8,0.027500
conv_06,9,0.034333
conv_06,10,0.030083
conv_06,11,0.018125
conv_06,12,0.004666
conv_06,13,0.027958
conv_06,14,0.031375
conv_06,15,0.041125
conv_06,16,0.020375
conv_06,17,0.031500
conv_06,18,0.007625
conv_06,19,0.029500
conv_06,20,0.015375
conv_06,21,0.009750
conv_06,22,0.035916
conv_06,23,0.030792
conv_06,24,0.013833
conv_06,25,0.383625
conv_06,26,0.044416
conv_06,27,0.046708
conv_06,28,0.025292
conv_06,29,0.055041
conv_06,30,0.055333
conv_06,31,0.046834
conv_06,32,0.041166
conv_06,33,0.059000
conv_06,34,0.058667
conv_06,35,0.031458
conv_06,36,0.108916
conv_06,37,0.087250
conv_06,38,0.294667
conv_06,39,0.127583
conv_06,40,0.080917
conv_06,41,0.091292
conv_06,42,0.099167
conv_06,43,0.125041
conv_06,44,0.238792
conv_06,45,0.108625
conv_06,46,0.103042
conv_06,47,0.102834
conv_06,48,0.097709
conv_06,49,0.110584
conv_06,50,0.197209
conv_06,51,0.128083
conv_06,52,0.119833
conv_06,53,0.135750
conv_06,54,0.130000
conv_06,55,0.124458
conv_06,56,0.224583
conv_06,57,0.129667
conv_06,58,0.122583
conv_06,59,0.152167
conv_06,60,0.125416
conv_06,61,0.221667
conv_06,62,0.123334
conv_06,63,0.140084
conv_06,64,0.153291
conv_06,65,0.156000
conv_06,66,0.139375
conv_06,67,0.231208
conv_06,68,0.153791
conv_06,69,0.152125
conv_06,70,0.144833
conv_06,71,0.146792
conv_06,72,0.137000
conv_06,73,0.298417
conv_06,74,0.150334
conv_06,75,0.156583
conv_06,76,0.170708
conv_06,77,0.157709
conv_06,78,0.173250
conv_06,79,0.185375
conv_06,80,0.175334
conv_06,81,0.358833
conv_06,82,0.192958
conv_06,83,0.172000
conv_06,84,0.165250
conv_06,85,0.178542
conv_06,86,0.195708
conv_06,87,0.177584
conv_06,88,0.266959
conv_06,89,0.159959
conv_06,90,0.166625
conv_06,91,0.163209
conv_06,92,0.161166
conv_06,93,0.172833
conv_06,94,0.174292
conv_06,95,0.247750
conv_06,96,0.176125
conv_06,97,0.160208
conv_06,98,0.176958
conv_06,99,0.180958
conv_06,100,0.173084
conv_06,101,0.170667
conv_06,102,0.286208
conv_06,103,0.194167
conv_06,104,0.175000
conv_06,105,0.200792
conv_06,106,0.191458
conv_06,107,0.170375
conv_06,108,0.174250
conv_06,109,0.164959
conv_06,110,0.192542
conv_06,111,0.193708
conv_06,112,0.195917
conv_06,113,0.176583
conv_06,114,0.173541
conv_06,115,0.192625
conv_06,116,0.190125
conv_06,117,0.187291
conv_06,118,0.312333
conv_06,119,0.183500
conv_07,0,0.073417
conv_07,1,0.009125
conv_07,2,0.064541
conv_07,3,0.064666
conv_07,4,0.688583
conv_07,5,0.014417
conv_07,6,0.050875
conv_07,7,0.060666
conv_07,8,0.105250
conv_07,9,0.050292
conv_07,10,0.045958
conv_07,11,0.012083
conv_07,12,0.041584
conv_07,13,0.042458
conv_07,14,0.037792
conv_07,15,0.039750
conv_07,16,0.039625
conv_07,17,0.015708
conv_07,18,0.031125
conv_07,19,0.015167
conv_07,20,0.024583
conv_07,21,0.040208
conv_07,22,0.019417
conv_07,23,0.011417
conv_07,24,0.032375
conv_07,25,0.045083
conv_07,26,0.014500
conv_07,27,0.048792
conv_07,28,0.050125
conv_07,29,0.032500
conv_07,30,0.062500
conv_07,31,0.277250
conv_07,32,0.054417
conv_07,33,0.068208
conv_07,34,0.073000
conv_07,35,0.084875
conv_07,36,0.130375
conv_07,37,0.117917
conv_07,38,0.131500
conv_07,39,0.150667
conv_07,40,0.335667
conv_07,41,0.152084
conv_07,42,0.161375
conv_07,43,0.141875
conv_07,44,0.166584
conv_07,45,0.154958
conv_07,46,0.184750
conv_07,47,0.370041
conv_07,48,0.199875
conv_07,49,0.201042
conv_07,50,0.189042
conv_07,51,0.197667
conv_07,52,0.181584
conv_07,53,0.206917
conv_07,54,0.173833
conv_07,55,0.304583
conv_07,56,0.180709
conv_07,57,0.184291
conv_07,58,0.225542
conv_07,59,0.194042
conv_07,60,0.226292
conv_07,61,0.176041
conv_07,62,0.165375
conv_07,63,0.264541
conv_07,64,0.170166
conv_07,65,0.175500
conv_07,66,0.188000
conv_07,67,0.179750
conv_07,68,0.170583
conv_07,69,0.197542
conv_07,70,0.206750
conv_07,71,0.199583
conv_07,72,0.301125
conv_07,73,0.205250
conv_07,74,0.187916
conv_07,75,0.180500
conv_07,76,0.230958
conv_07,77,0.226083
conv_07,78,0.195375
conv_07,79,0.193334
conv_07,80,0.297834
conv_07,81,0.198459
conv_07,82,0.190542
conv_07,83,0.252250
conv_07,84,0.219667
conv_07,85,0.241792
conv_07,86,0.222375
conv_07,87,0.224584
conv_07,88,0.232292
conv_07,89,0.206250
conv_07,90,0.375458
conv_07,91,0.213417
conv_07,92,0.217041
conv_07,93,0.195875
conv_07,94,0.207000
conv_07,95,0.198959
conv_07,96,0.219083
conv_07,97,0.200000
conv_07,98,0.346458
conv_07,99,0.226750
conv_07,100,0.215542
conv_07,101,0.202542
conv_07,102,0.214209
conv_07,103,0.200125
conv_07,104,0.226250
conv_07,105,0.225417
conv_07,106,0.222291
conv_07,107,0.338208
conv_07,108,0.261916
conv_07,109,0.259542
conv_07,110,0.255417
conv_07,111,0.250291
conv_07,112,0.268208
conv_07,113,0.264334
conv_07,114,0.254417
conv_07,115,0.383042
conv_07,116,0.267459
conv_07,117,0.261958
conv_07,118,0.248708
conv_07,119,0.267458
conv_08,0,0.067625
conv_08,1,0.007708
conv_08,2,0.017209
conv_08,3,0.013875
conv_08,4,0.030416
conv_08,5,0.010167
conv_08,6,0.012959
conv_08,7,0.024459
conv_08,8,0.010708
conv_08,9,0.017041
conv_08,10,0.007583
conv_08,11,0.026875
conv_08,12,0.011583
conv_08,13,0.018666
conv_08,14,0.023000
conv_08,15,0.009375
conv_08,16,0.012542
conv_08,17,0.019084
conv_08,18,0.031917
conv_08,19,0.012041
conv_08,20,0.006125
conv_08,21,0.036125
conv_08,22,0.044500
conv_08,23,0.010250
conv_08,24,0.014959
conv_08,25,0.018584
conv_08,26,0.031958
conv_08,27,0.045500
conv_08,28,0.039958
conv_08,29,0.018041
conv_08,30,0.026041
conv_08,31,0.408750
conv_08,32,0.060333
conv_08,33,0.038500
conv_08,34,0.035084
conv_08,35,0.042000
conv_08,36,0.097000
conv_08,37,0.100833
conv_08,38,0.091375
conv_08,39,0.094709
conv_08,40,0.091417
conv_08,41,0.094833
conv_08,42,0.093834
conv_08,43,0.100250
conv_08,44,0.102958
conv_08,45,0.323916
conv_08,46,0.170875
conv_08,47,0.159083
conv_08,48,0.147334
conv_08,49,0.115542
conv_08,50,0.116667
conv_08,51,0.103709
conv_08,52,0.120625
conv_08,53,0.121625
conv_08,54,0.108458
conv_08,55,0.117750
conv_08,56,0.335750
conv_08,57,0.148084
conv_08,58,0.131375
conv_08,59,0.158292
conv_08,60,0.180459
conv_08,61,0.123041
conv_08,62,0.112917
conv_08,63,0.148541
conv_08,64,0.126167
conv_08,65,0.298959
conv_08,66,0.164834
conv_08,67,0.139916
conv_08,68,0.193666
conv_08,69,0.174125
conv_08,70,0.147125
conv_08,71,0.158834
conv_08,72,0.163917
conv_08,73,0.318916
conv_08,74,0.161000
conv_08,75,0.197209
conv_08,76,0.175000
conv_08,77,0.166917
conv_08,78,0.167375
conv_08,79,0.299125
conv_08,80,0.188458
conv_08,81,0.192250
conv_08,82,0.179833
conv_08,83,0.181875
conv_08,84,0.180459
conv_08,85,0.368916
conv_08,86,0.209583
conv_08,87,0.308875
conv_08,88,0.250250
conv_08,89,0.346541
conv_08,90,0.210167
conv_08,91,0.159625
conv_08,92,0.171250
conv_08,93,0.188625
conv_08,94,0.178541
conv_08,95,0.297041
conv_08,96,0.178416
conv_08,97,0.163416
conv_08,98,0.177250
conv_08,99,0.182917
conv_08,100,0.248083
conv_08,101,0.184875
conv_08,102,0.187541
conv_08,103,0.179291
conv_08,104,0.199084
conv_08,105,0.266458
conv_08,106,0.189167
conv_08,107,0.202042
conv_08,108,0.198625
conv_08,109,0.175250
conv_08,110,0.306333
conv_08,111,0.206459
conv_08,112,0.206917
conv_08,113,0.229292
conv_08,114,0.239625
conv_08,115,0.230417
conv_08,116,0.246792
conv_08,117,0.256458
conv_08,118,0.309584
conv_08,119,0.244250
conv_09,0,0.071125
conv_09,1,0.021667
conv_09,2,0.018375
conv_09,3,0.045292
conv_09,4,0.040958
conv_09,5,0.050584
conv_09,6,0.035792
conv_09,7,0.041083
conv_09,8,0.022708
conv_09,9,0.040750
conv_09,10,0.041042
conv_09,11,0.024750
conv_09,12,0.042041
conv_09,13,0.039667
conv_09,14,0.046791
conv_09,15,0.030333
conv_09,16,0.040250
conv_09,17,0.050833
conv_09,18,0.009875
conv_09,19,0.014250
conv_09,20,0.022458
conv_09,21,0.317125
conv_09,22,0.056584
conv_09,23,0.041208
conv_09,24,0.041834
conv_09,25,0.037750
conv_09,26,0.024375
conv_09,27,0.029459
conv_09,28,0.023084
conv_09,29,0.037084
conv_09,30,0.075459
conv_09,31,0.051667
conv_09,32,0.065166
conv_09,33,0.076875
conv_09,34,0.079333
conv_09,35,0.086833
conv_09,36,0.371167
conv_09,37,0.195166
conv_09,38,0.139833
conv_09,39,0.128292
conv_09,40,0.135500
conv_09,41,0.175625
conv_09,42,0.295541
conv_09,43,0.146458
conv_09,44,0.159625
conv_09,45,0.145583
conv_09,46,0.157250
conv_09,47,0.176834
conv_09,48,0.168208
conv_09,49,0.275875
conv_09,50,0.169791
conv_09,51,0.172917
conv_09,52,0.166333
conv_09,53,0.168584
conv_09,54,0.166125
conv_09,55,0.287417
conv_09,56,0.174875
conv_09,57,0.204708
conv_09,58,0.228084
conv_09,59,0.219916
conv_09,60,0.202458
conv_09,61,0.221292
conv_09,62,0.304541
conv_09,63,0.216708
conv_09,64,0.215708
conv_09,65,0.204541
conv_09,66,0.191416
conv_09,67,0.198916
conv_09,68,0.212958
conv_09,69,0.204500
conv_09,70,0.287125
conv_09,71,0.218875
conv_09,72,0.203042
conv_09,73,0.231209
conv_09,74,0.209750
conv_09,75,0.234042
conv_09,76,0.224792
conv_09,77,0.202750
conv_09,78,0.306834
conv_09,79,0.219500
conv_09,80,0.221209
conv_09,81,0.235250
conv_09,82,0.245000
conv_09,83,0.237083
conv_09,84,0.232792
conv_09,85,0.232042
conv_09,86,0.338209
conv_09,87,0.240750
conv_09,88,0.239750
conv_09,89,0.216375
conv_09,90,0.236750
conv_09,91,0.224792
conv_09,92,0.223750
conv_09,93,0.224375
conv_09,94,0.206583
conv_09,95,0.319000
conv_09,96,0.205416
conv_09,97,0.225000
conv_09,98,0.214083
conv_09,99,0.220167
conv_09,100,0.226125
conv_09,101,0.250709
conv_09,102,0.225417
conv_09,103,0.322042
conv_09,104,0.221333
conv_09,105,0.255500
conv_09,106,0.252083
conv_09,107,0.263167
conv_09,108,0.267000
conv_09,109,0.247375
conv_09,110,0.260542
conv_09,111,0.347542
conv_09,112,0.264333
conv_09,113,0.254833
conv_09,114,0.268292
conv_09,115,0.252250
conv_09,116,0.267625
conv_09,117,0.263375
conv_09,118,0.346541
conv_09,119,0.258500
conv_10,0,0.078333
conv_10,1,0.040625
conv_10,2,0.032292
conv_10,3,0.021750
conv_10,4,0.014167
conv_10,5,0.016958
conv_10,6,0.022167
conv_10,7,0.024166
conv_10,8,0.029833
conv_10,9,0.059500
conv_10,10,0.032000
conv_10,11,0.028792
conv_10,12,0.027125
conv_10,13,0.037542
conv_10,14,0.025708
conv_10,15,0.663583
conv_10,16,0.088000
conv_10,17,0.057833
conv_10,18,0.049333
conv_10,19,0.042792
conv_10,20,0.048208
conv_10,21,0.040083
conv_10,22,0.028125
conv_10,23,0.031125
conv_10,24,0.041125
conv_10,25,0.027666
conv_10,26,0.048958
conv_10,27,0.071292
conv_10,28,0.077500
conv_10,29,0.062083
conv_10,30,0.072833
conv_10,31,0.059750
conv_10,32,0.082042
conv_10,33,0.077459
conv_10,34,0.403875
conv_10,35,0.131083
conv_10,36,0.191292
conv_10,37,0.183875
conv_10,38,0.177250
conv_10,39,0.210250
conv_10,40,0.201667
conv_10,41,0.458084
conv_10,42,0.234792
conv_10,43,0.201917
conv_10,44,0.189625
conv_10,45,0.199125
conv_10,46,0.352958
conv_10,47,0.208417
conv_10,48,0.203750
conv_10,49,0.213667
conv_10,50,0.190000
conv_10,51,0.208041
conv_10,52,0.320292
conv_10,53,0.241333
conv_10,54,0.235417
conv_10,55,0.214375
conv_10,56,0.247167
conv_10,57,0.248666
conv_10,58,0.226584
conv_10,59,0.374541
conv_10,60,0.243292
conv_10,61,0.281250
conv_10,62,0.239500
conv_10,63,0.244834
conv_10,64,0.269791
conv_10,65,0.380250
conv_10,66,0.279417
conv_10,67,0.246375
conv_10,68,0.246250
conv_10,69,0.225834
conv_10,70,0.294583
conv_10,71,0.444625
conv_10,72,0.277708
conv_10,73,0.280833
conv_10,74,0.274000
conv_10,75,0.249417
conv_10,76,0.398750
conv_10,77,0.308458
conv_10,78,0.276916
conv_10,79,0.304375
conv_10,80,0.323875
conv_10,81,0.314917
conv_10,82,0.405375
conv_10,83,0.306250
conv_10,84,0.310667
conv_10,85,0.313792
conv_10,86,0.320083
conv_10,87,0.335208
conv_10,88,0.327584
conv_10,89,0.439208
conv_10,90,0.338708
conv_10,91,0.325791
conv_10,92,0.299833
conv_10,93,0.305042
conv_10,94,0.390750
conv_10,95,0.294000
conv_10,96,0.309167
conv_10,97,0.307792
conv_10,98,0.307667
conv_10,99,0.313542
conv_10,100,0.389292
conv_10,101,0.332542
conv_10,102,0.295583
conv_10,103,0.318334
conv_10,104,0.289958
conv_10,105,0.312667
conv_10,106,0.429750
conv_10,107,0.330875
conv_10,108,0.311333
conv_10,109,0.310667
conv_10,110,0.288125
conv_10,111,0.280375
conv_10,112,0.309292
conv_10,113,0.305083
conv_10,114,0.301125
conv_10,115,0.296167
conv_10,116,0.318417
conv_10,117,0.305125
conv_10,118,0.387708
conv_10,119,0.299500
conv_11,0,0.077500
conv_11,1,0.042583
conv_11,2,0.058125
conv_11,3,0.032584
conv_11,4,0.015584
conv_11,5,0.020583
conv_11,6,0.019209
conv_11,7,0.023084
conv_11,8,0.041125
conv_11,9,0.011167
conv_11,10,0.010667
conv_11,11,0.026542
conv_11,12,0.031459
conv_11,13,0.053209
conv_11,14,0.017750
conv_11,15,0.052834
conv_11,16,0.050708
conv_11,17,0.010833
conv_11,18,0.007333
conv_11,19,0.024208
conv_11,20,0.051500
conv_11,21,0.048917
conv_11,22,0.034667
conv_11,23,0.011334
conv_11,24,0.030958
conv_11,25,0.017166
conv_11,26,0.027000
conv_11,27,0.044042
conv_11,28,0.031750
conv_11,29,0.022666
conv_11,30,0.389042
conv_11,31,0.069166
conv_11,32,0.060625
conv_11,33,0.073375
conv_11,34,0.057875
conv_11,35,0.081042
conv_11,36,0.155500
conv_11,37,0.118833
conv_11,38,0.127958
conv_11,39,0.130625
conv_11,40,0.147083
conv_11,41,0.448458
conv_11,42,0.186708
conv_11,43,0.185958
conv_11,44,0.152625
conv_11,45,0.151042
conv_11,46,0.167458
conv_11,47,0.175166
conv_11,48,0.156167
conv_11,49,0.302459
conv_11,50,0.184667
conv_11,51,0.156292
conv_11,52,0.175125
conv_11,53,0.168625
conv_11,54,0.169666
conv_11,55,0.192709
conv_11,56,0.184375
conv_11,57,0.182750
conv_11,58,0.284667
conv_11,59,0.202000
conv_11,60,0.201625
conv_11,61,0.203291
conv_11,62,0.180875
conv_11,63,0.179167
conv_11,64,0.183708
conv_11,65,0.207250
conv_11,66,0.211125
conv_11,67,0.201166
conv_11,68,0.311208
conv_11,69,0.191417
conv_11,70,0.203958
conv_11,71,0.186125
conv_11,72,0.208458
conv_11,73,0.213417
conv_11,74,0.212000
conv_11,75,0.188292
conv_11,76,0.193250
conv_11,77,0.274250
conv_11,78,0.175292
conv_11,79,0.196458
conv_11,80,0.221167
conv_11,81,0.204000
conv_11,82,0.183959
conv_11,83,0.204917
conv_11,84,0.176166
conv_11,85,0.199041
conv_11,86,0.281125
conv_11,87,0.182084
conv_11,88,0.208875
conv_11,89,0.211959
conv_11,90,0.212667
conv_11,91,0.210000
conv_11,92,0.216833
conv_11,93,0.205959
conv_11,94,0.321458
conv_11,95,0.208250
conv_11,96,0.205250
conv_11,97,0.225834
conv_11,98,0.217708
conv_11,99,0.213541
conv_11,100,0.215875
conv_11,101,0.219541
conv_11,102,0.207625
conv_11,103,0.320625
conv_11,104,0.214875
conv_11,105,0.199458
conv_11,106,0.214083
conv_11,107,0.208791
conv_11,108,0.211708
conv_11,109,0.208834
conv_11,110,0.215125
conv_11,111,0.301209
conv_11,112,0.222125
conv_11,113,0.223250
conv_11,114,0.220333
conv_11,115,0.212709
conv_11,116,0.230167
conv_11,117,0.240500
conv_11,118,0.358834
conv_11,119,0.234208
conv_12,0,0.060542
conv_12,1,0.024541
conv_12,2,0.043667
conv_12,3,0.036291
conv_12,4,0.009167
conv_12,5,0.028500
conv_12,6,0.016417
conv_12,7,0.014917
conv_12,8,0.036833
conv_12,9,0.012667
conv_12,10,0.026959
conv_12,11,0.007458
conv_12,12,0.009916
conv_12,13,0.019459
conv_12,14,0.482500
conv_12,15,0.011084
conv_12,16,0.007041
conv_12,17,0.030666
conv_12,18,0.031584
conv_12,19,0.007917
conv_12,20,0.012583
conv_12,21,0.014000
conv_12,22,0.042292
conv_12,23,0.020625
conv_12,24,0.006708
conv_12,25,0.020875
conv_12,26,0.023709
conv_12,27,0.028459
conv_12,28,0.033917
conv_12,29,0.019833
conv_12,30,0.054875
conv_12,31,0.048916
conv_12,32,0.040667
conv_12,33,0.051333
conv_12,34,0.049250
conv_12,35,0.059708
conv_12,36,0.376417
conv_12,37,0.106542
conv_12,38,0.138208
conv_12,39,0.132458
conv_12,40,0.119250
conv_12,41,0.151917
conv_12,42,0.132125
conv_12,43,0.284333
conv_12,44,0.183167
conv_12,45,0.153292
conv_12,46,0.160083
conv_12,47,0.118875
conv_12,48,0.114625
conv_12,49,0.153292
conv_12,50,0.261333
conv_12,51,0.153541
conv_12,52,0.157416
conv_12,53,0.131166
conv_12,54,0.141125
conv_12,55,0.152250
conv_12,56,0.174875
conv_12,57,0.168958
conv_12,58,0.255125
conv_12,59,0.148334
conv_12,60,0.161708
conv_12,61,0.166208
conv_12,62,0.179750
conv_12,63,0.179792
conv_12,64,0.165250
conv_12,65,0.179375
conv_12,66,0.189666
conv_12,67,0.325708
conv_12,68,0.196667
conv_12,69,0.203333
conv_12,70,0.189083
conv_12,71,0.204292
conv_12,72,0.189041
conv_12,73,0.169666
conv_12,74,0.190125
conv_12,75,0.322250
conv_12,76,0.218208
conv_12,77,0.171042
conv_12,78,0.171458
conv_12,79,0.170208
conv_12,80,0.195125
conv_12,81,0.190584
conv_12,82,0.172958
conv_12,83,0.290375
conv_12,84,0.193542
conv_12,85,0.173833
conv_12,86,0.196875
conv_12,87,0.176083
conv_12,88,0.188292
conv_12,89,0.179542
conv_12,90,0.209250
conv_12,91,0.190875
conv_12,92,0.335625
conv_12,93,0.206083
conv_12,94,0.180708
conv_12,95,0.205542
conv_12,96,0.211459
conv_12,97,0.202083
conv_12,98,0.201084
conv_12,99,0.338042
conv_12,100,0.190375
conv_12,101,0.165625
conv_12,102,0.186708
conv_12,103,0.190666
conv_12,104,0.209041
conv_12,105,0.175625
conv_12,106,0.187583
conv_12,107,0.190541
conv_12,108,0.189750
conv_12,109,0.213875
conv_12,110,0.180584
conv_12,111,0.207250
conv_12,112,0.203625
conv_12,113,0.193333
conv_12,114,0.205417
conv_12,115,0.196417
conv_12,116,0.294792
conv_12,117,0.210084
conv_12,118,0.207583
conv_12,119,0.196958